signature_id,pattern_name,description,severity,detection_rule,false_positive_rate,created_date,last_triggered,trigger_count_30d,embedding_text
SIG-0001,rapid_geo_hop,User location changes >500 miles within 10 minutes,high,WHEN rapid_geo_hop THEN flag(severity='high'),0.101,2025-10-09,2026-02-17 09:42:00,225,rapid_geo_hop: User location changes >500 miles within 10 minutes. Severity: high. Common in P2P payments fraud.
SIG-0002,velocity_spike,Transaction frequency exceeds 5x normal rate in 1 hour,high,WHEN velocity_spike THEN flag(severity='high'),0.017,2025-05-18,2026-02-21 06:42:00,168,velocity_spike: Transaction frequency exceeds 5x normal rate in 1 hour. Severity: high. Common in P2P payments fraud.
SIG-0003,mfa_then_wire,MFA settings changed followed by wire transfer within 24h,critical,WHEN mfa_then_wire THEN flag(severity='critical'),0.038,2025-07-24,2026-02-06 07:42:00,238,mfa_then_wire: MFA settings changed followed by wire transfer within 24h. Severity: critical. Common in wire transfers fraud.
SIG-0004,new_device_large_tx,Large transaction from never-seen-before device,medium,WHEN new_device_large_tx THEN flag(severity='medium'),0.107,2025-10-11,2026-03-03 01:42:00,21,new_device_large_tx: Large transaction from never-seen-before device. Severity: medium. Common in mobile banking fraud.
SIG-0005,midnight_atm,ATM withdrawal between 1-4 AM in foreign country,high,WHEN midnight_atm THEN flag(severity='high'),0.145,2025-09-21,2026-03-03 03:42:00,394,midnight_atm: ATM withdrawal between 1-4 AM in foreign country. Severity: high. Common in mobile banking fraud.
SIG-0006,round_amount_wire,Wire transfer of exact round amount >$10k to new recipient,high,WHEN round_amount_wire THEN flag(severity='high'),0.024,2025-03-06,2026-02-15 02:42:00,368,round_amount_wire: Wire transfer of exact round amount >$10k to new recipient. Severity: high. Common in P2P payments fraud.
SIG-0007,bot_typing,Typing cadence <50ms average suggesting automated input,critical,WHEN bot_typing THEN flag(severity='critical'),0.055,2025-11-09,2026-03-03 20:42:00,358,bot_typing: Typing cadence <50ms average suggesting automated input. Severity: critical. Common in P2P payments fraud.
SIG-0008,multiple_failed_mfa,3+ failed MFA attempts followed by successful login,high,WHEN multiple_failed_mfa THEN flag(severity='high'),0.025,2026-02-24,2026-02-15 21:42:00,258,multiple_failed_mfa: 3+ failed MFA attempts followed by successful login. Severity: high. Common in mobile banking fraud.
SIG-0009,ip_tor_exit,Login from known Tor exit node IP range,critical,WHEN ip_tor_exit THEN flag(severity='critical'),0.021,2025-09-17,2026-02-05 18:42:00,132,ip_tor_exit: Login from known Tor exit node IP range. Severity: critical. Common in wire transfers fraud.
SIG-0010,account_drain,Multiple transactions draining >80% of account balance in 1h,critical,WHEN account_drain THEN flag(severity='critical'),0.118,2025-11-25,2026-02-12 09:42:00,72,account_drain: Multiple transactions draining >80% of account balance in 1h. Severity: critical. Common in mobile banking fraud.
SIG-0011,sim_swap_pattern,MFA method changed to SMS after phone number update,high,WHEN sim_swap_pattern THEN flag(severity='high'),0.065,2025-06-16,2026-02-15 03:42:00,102,sim_swap_pattern: MFA method changed to SMS after phone number update. Severity: high. Common in P2P payments fraud.
SIG-0012,cross_channel_rapid,Mobile login + web wire transfer within 5 minutes,high,WHEN cross_channel_rapid THEN flag(severity='high'),0.063,2026-01-12,2026-03-03 18:42:00,210,cross_channel_rapid: Mobile login + web wire transfer within 5 minutes. Severity: high. Common in P2P payments fraud.
SIG-0013,dormant_reactivation,Account dormant >90 days suddenly initiates wire transfer,medium,WHEN dormant_reactivation THEN flag(severity='medium'),0.045,2025-05-25,2026-02-28 02:42:00,294,dormant_reactivation: Account dormant >90 days suddenly initiates wire transfer. Severity: medium. Common in wire transfers fraud.
SIG-0014,credential_stuffing,Same IP attempts login on 10+ accounts within 1 hour,critical,WHEN credential_stuffing THEN flag(severity='critical'),0.015,2025-07-24,2026-02-06 21:42:00,23,credential_stuffing: Same IP attempts login on 10+ accounts within 1 hour. Severity: critical. Common in P2P payments fraud.
SIG-0015,card_testing,Multiple small transactions (<$1) in rapid succession,medium,WHEN card_testing THEN flag(severity='medium'),0.099,2025-04-10,2026-02-10 10:42:00,356,card_testing: Multiple small transactions (<$1) in rapid succession. Severity: medium. Common in online banking fraud.
SIG-0016,rapid_geo_hop,User location changes >500 miles within 10 minutes,high,WHEN rapid_geo_hop THEN flag(severity='high'),0.096,2025-11-10,2026-02-05 23:42:00,500,rapid_geo_hop: User location changes >500 miles within 10 minutes. Severity: high. Common in P2P payments fraud.
SIG-0017,velocity_spike,Transaction frequency exceeds 5x normal rate in 1 hour,high,WHEN velocity_spike THEN flag(severity='high'),0.025,2025-07-13,2026-02-17 03:42:00,430,velocity_spike: Transaction frequency exceeds 5x normal rate in 1 hour. Severity: high. Common in wire transfers fraud.
SIG-0018,mfa_then_wire,MFA settings changed followed by wire transfer within 24h,critical,WHEN mfa_then_wire THEN flag(severity='critical'),0.104,2025-11-06,2026-03-01 00:42:00,362,mfa_then_wire: MFA settings changed followed by wire transfer within 24h. Severity: critical. Common in P2P payments fraud.
SIG-0019,new_device_large_tx,Large transaction from never-seen-before device,medium,WHEN new_device_large_tx THEN flag(severity='medium'),0.13,2025-06-20,2026-02-25 23:42:00,441,new_device_large_tx: Large transaction from never-seen-before device. Severity: medium. Common in mobile banking fraud.
SIG-0020,midnight_atm,ATM withdrawal between 1-4 AM in foreign country,high,WHEN midnight_atm THEN flag(severity='high'),0.018,2025-07-10,2026-03-05 10:42:00,496,midnight_atm: ATM withdrawal between 1-4 AM in foreign country. Severity: high. Common in wire transfers fraud.
SIG-0021,round_amount_wire,Wire transfer of exact round amount >$10k to new recipient,high,WHEN round_amount_wire THEN flag(severity='high'),0.095,2025-07-02,2026-02-14 15:42:00,123,round_amount_wire: Wire transfer of exact round amount >$10k to new recipient. Severity: high. Common in mobile banking fraud.
SIG-0022,bot_typing,Typing cadence <50ms average suggesting automated input,critical,WHEN bot_typing THEN flag(severity='critical'),0.015,2025-10-12,2026-02-09 17:42:00,334,bot_typing: Typing cadence <50ms average suggesting automated input. Severity: critical. Common in mobile banking fraud.
SIG-0023,multiple_failed_mfa,3+ failed MFA attempts followed by successful login,high,WHEN multiple_failed_mfa THEN flag(severity='high'),0.011,2025-09-11,2026-02-22 11:42:00,483,multiple_failed_mfa: 3+ failed MFA attempts followed by successful login. Severity: high. Common in P2P payments fraud.
SIG-0024,ip_tor_exit,Login from known Tor exit node IP range,critical,WHEN ip_tor_exit THEN flag(severity='critical'),0.041,2025-09-16,2026-02-21 10:42:00,254,ip_tor_exit: Login from known Tor exit node IP range. Severity: critical. Common in online banking fraud.
SIG-0025,account_drain,Multiple transactions draining >80% of account balance in 1h,critical,WHEN account_drain THEN flag(severity='critical'),0.079,2025-09-22,2026-02-25 07:42:00,102,account_drain: Multiple transactions draining >80% of account balance in 1h. Severity: critical. Common in wire transfers fraud.
SIG-0026,sim_swap_pattern,MFA method changed to SMS after phone number update,high,WHEN sim_swap_pattern THEN flag(severity='high'),0.074,2025-11-14,2026-03-03 02:42:00,202,sim_swap_pattern: MFA method changed to SMS after phone number update. Severity: high. Common in mobile banking fraud.
SIG-0027,cross_channel_rapid,Mobile login + web wire transfer within 5 minutes,high,WHEN cross_channel_rapid THEN flag(severity='high'),0.033,2025-11-25,2026-02-16 05:42:00,42,cross_channel_rapid: Mobile login + web wire transfer within 5 minutes. Severity: high. Common in online banking fraud.
SIG-0028,dormant_reactivation,Account dormant >90 days suddenly initiates wire transfer,medium,WHEN dormant_reactivation THEN flag(severity='medium'),0.106,2025-03-10,2026-02-05 21:42:00,343,dormant_reactivation: Account dormant >90 days suddenly initiates wire transfer. Severity: medium. Common in P2P payments fraud.
SIG-0029,credential_stuffing,Same IP attempts login on 10+ accounts within 1 hour,critical,WHEN credential_stuffing THEN flag(severity='critical'),0.045,2025-09-03,2026-02-09 12:42:00,261,credential_stuffing: Same IP attempts login on 10+ accounts within 1 hour. Severity: critical. Common in wire transfers fraud.
SIG-0030,card_testing,Multiple small transactions (<$1) in rapid succession,medium,WHEN card_testing THEN flag(severity='medium'),0.144,2025-04-12,2026-02-22 20:42:00,385,card_testing: Multiple small transactions (<$1) in rapid succession. Severity: medium. Common in mobile banking fraud.
SIG-0031,rapid_geo_hop,User location changes >500 miles within 10 minutes,high,WHEN rapid_geo_hop THEN flag(severity='high'),0.016,2025-10-01,2026-02-08 19:42:00,263,rapid_geo_hop: User location changes >500 miles within 10 minutes. Severity: high. Common in online banking fraud.
SIG-0032,velocity_spike,Transaction frequency exceeds 5x normal rate in 1 hour,high,WHEN velocity_spike THEN flag(severity='high'),0.041,2025-09-25,2026-02-16 05:42:00,296,velocity_spike: Transaction frequency exceeds 5x normal rate in 1 hour. Severity: high. Common in online banking fraud.
SIG-0033,mfa_then_wire,MFA settings changed followed by wire transfer within 24h,critical,WHEN mfa_then_wire THEN flag(severity='critical'),0.065,2025-05-05,2026-02-15 16:42:00,37,mfa_then_wire: MFA settings changed followed by wire transfer within 24h. Severity: critical. Common in wire transfers fraud.
SIG-0034,new_device_large_tx,Large transaction from never-seen-before device,medium,WHEN new_device_large_tx THEN flag(severity='medium'),0.107,2025-04-30,2026-02-13 19:42:00,465,new_device_large_tx: Large transaction from never-seen-before device. Severity: medium. Common in online banking fraud.
SIG-0035,midnight_atm,ATM withdrawal between 1-4 AM in foreign country,high,WHEN midnight_atm THEN flag(severity='high'),0.054,2025-10-25,2026-03-03 12:42:00,19,midnight_atm: ATM withdrawal between 1-4 AM in foreign country. Severity: high. Common in wire transfers fraud.
SIG-0036,round_amount_wire,Wire transfer of exact round amount >$10k to new recipient,high,WHEN round_amount_wire THEN flag(severity='high'),0.135,2025-03-18,2026-02-26 01:42:00,105,round_amount_wire: Wire transfer of exact round amount >$10k to new recipient. Severity: high. Common in online banking fraud.
SIG-0037,bot_typing,Typing cadence <50ms average suggesting automated input,critical,WHEN bot_typing THEN flag(severity='critical'),0.032,2025-04-10,2026-02-07 07:42:00,428,bot_typing: Typing cadence <50ms average suggesting automated input. Severity: critical. Common in mobile banking fraud.
SIG-0038,multiple_failed_mfa,3+ failed MFA attempts followed by successful login,high,WHEN multiple_failed_mfa THEN flag(severity='high'),0.109,2025-06-09,2026-02-06 16:42:00,36,multiple_failed_mfa: 3+ failed MFA attempts followed by successful login. Severity: high. Common in wire transfers fraud.
SIG-0039,ip_tor_exit,Login from known Tor exit node IP range,critical,WHEN ip_tor_exit THEN flag(severity='critical'),0.123,2025-04-27,2026-02-16 04:42:00,93,ip_tor_exit: Login from known Tor exit node IP range. Severity: critical. Common in mobile banking fraud.
SIG-0040,account_drain,Multiple transactions draining >80% of account balance in 1h,critical,WHEN account_drain THEN flag(severity='critical'),0.027,2025-11-16,2026-02-06 17:42:00,315,account_drain: Multiple transactions draining >80% of account balance in 1h. Severity: critical. Common in mobile banking fraud.
SIG-0041,sim_swap_pattern,MFA method changed to SMS after phone number update,high,WHEN sim_swap_pattern THEN flag(severity='high'),0.102,2025-08-27,2026-02-18 22:42:00,422,sim_swap_pattern: MFA method changed to SMS after phone number update. Severity: high. Common in mobile banking fraud.
SIG-0042,cross_channel_rapid,Mobile login + web wire transfer within 5 minutes,high,WHEN cross_channel_rapid THEN flag(severity='high'),0.024,2025-06-06,2026-02-06 05:42:00,204,cross_channel_rapid: Mobile login + web wire transfer within 5 minutes. Severity: high. Common in P2P payments fraud.
SIG-0043,dormant_reactivation,Account dormant >90 days suddenly initiates wire transfer,medium,WHEN dormant_reactivation THEN flag(severity='medium'),0.031,2025-08-19,2026-02-11 22:42:00,67,dormant_reactivation: Account dormant >90 days suddenly initiates wire transfer. Severity: medium. Common in P2P payments fraud.
SIG-0044,credential_stuffing,Same IP attempts login on 10+ accounts within 1 hour,critical,WHEN credential_stuffing THEN flag(severity='critical'),0.082,2025-04-10,2026-02-09 12:42:00,364,credential_stuffing: Same IP attempts login on 10+ accounts within 1 hour. Severity: critical. Common in P2P payments fraud.
SIG-0045,card_testing,Multiple small transactions (<$1) in rapid succession,medium,WHEN card_testing THEN flag(severity='medium'),0.114,2026-02-08,2026-02-15 07:42:00,210,card_testing: Multiple small transactions (<$1) in rapid succession. Severity: medium. Common in wire transfers fraud.
SIG-0046,rapid_geo_hop,User location changes >500 miles within 10 minutes,high,WHEN rapid_geo_hop THEN flag(severity='high'),0.021,2026-01-09,2026-02-07 06:42:00,418,rapid_geo_hop: User location changes >500 miles within 10 minutes. Severity: high. Common in mobile banking fraud.
SIG-0047,velocity_spike,Transaction frequency exceeds 5x normal rate in 1 hour,high,WHEN velocity_spike THEN flag(severity='high'),0.071,2025-11-22,2026-02-11 17:42:00,344,velocity_spike: Transaction frequency exceeds 5x normal rate in 1 hour. Severity: high. Common in mobile banking fraud.
SIG-0048,mfa_then_wire,MFA settings changed followed by wire transfer within 24h,critical,WHEN mfa_then_wire THEN flag(severity='critical'),0.101,2025-08-04,2026-03-05 00:42:00,437,mfa_then_wire: MFA settings changed followed by wire transfer within 24h. Severity: critical. Common in P2P payments fraud.
SIG-0049,new_device_large_tx,Large transaction from never-seen-before device,medium,WHEN new_device_large_tx THEN flag(severity='medium'),0.145,2025-11-17,2026-02-18 15:42:00,114,new_device_large_tx: Large transaction from never-seen-before device. Severity: medium. Common in mobile banking fraud.
SIG-0050,midnight_atm,ATM withdrawal between 1-4 AM in foreign country,high,WHEN midnight_atm THEN flag(severity='high'),0.049,2025-09-16,2026-02-09 05:42:00,42,midnight_atm: ATM withdrawal between 1-4 AM in foreign country. Severity: high. Common in online banking fraud.
SIG-0051,round_amount_wire,Wire transfer of exact round amount >$10k to new recipient,high,WHEN round_amount_wire THEN flag(severity='high'),0.108,2025-06-02,2026-02-14 09:42:00,153,round_amount_wire: Wire transfer of exact round amount >$10k to new recipient. Severity: high. Common in P2P payments fraud.
SIG-0052,bot_typing,Typing cadence <50ms average suggesting automated input,critical,WHEN bot_typing THEN flag(severity='critical'),0.1,2026-01-17,2026-02-10 07:42:00,158,bot_typing: Typing cadence <50ms average suggesting automated input. Severity: critical. Common in mobile banking fraud.
SIG-0053,multiple_failed_mfa,3+ failed MFA attempts followed by successful login,high,WHEN multiple_failed_mfa THEN flag(severity='high'),0.136,2026-01-15,2026-02-20 02:42:00,280,multiple_failed_mfa: 3+ failed MFA attempts followed by successful login. Severity: high. Common in P2P payments fraud.
SIG-0054,ip_tor_exit,Login from known Tor exit node IP range,critical,WHEN ip_tor_exit THEN flag(severity='critical'),0.013,2025-07-27,2026-02-25 13:42:00,224,ip_tor_exit: Login from known Tor exit node IP range. Severity: critical. Common in mobile banking fraud.
SIG-0055,account_drain,Multiple transactions draining >80% of account balance in 1h,critical,WHEN account_drain THEN flag(severity='critical'),0.038,2026-01-10,2026-02-18 16:42:00,281,account_drain: Multiple transactions draining >80% of account balance in 1h. Severity: critical. Common in P2P payments fraud.
SIG-0056,sim_swap_pattern,MFA method changed to SMS after phone number update,high,WHEN sim_swap_pattern THEN flag(severity='high'),0.126,2025-09-30,2026-03-02 22:42:00,136,sim_swap_pattern: MFA method changed to SMS after phone number update. Severity: high. Common in wire transfers fraud.
SIG-0057,cross_channel_rapid,Mobile login + web wire transfer within 5 minutes,high,WHEN cross_channel_rapid THEN flag(severity='high'),0.033,2025-12-27,2026-03-02 14:42:00,261,cross_channel_rapid: Mobile login + web wire transfer within 5 minutes. Severity: high. Common in online banking fraud.
SIG-0058,dormant_reactivation,Account dormant >90 days suddenly initiates wire transfer,medium,WHEN dormant_reactivation THEN flag(severity='medium'),0.13,2025-06-06,2026-02-06 05:42:00,67,dormant_reactivation: Account dormant >90 days suddenly initiates wire transfer. Severity: medium. Common in online banking fraud.
SIG-0059,credential_stuffing,Same IP attempts login on 10+ accounts within 1 hour,critical,WHEN credential_stuffing THEN flag(severity='critical'),0.09,2025-12-05,2026-03-01 19:42:00,309,credential_stuffing: Same IP attempts login on 10+ accounts within 1 hour. Severity: critical. Common in online banking fraud.
SIG-0060,card_testing,Multiple small transactions (<$1) in rapid succession,medium,WHEN card_testing THEN flag(severity='medium'),0.067,2025-05-11,2026-02-19 22:42:00,465,card_testing: Multiple small transactions (<$1) in rapid succession. Severity: medium. Common in wire transfers fraud.
SIG-0061,rapid_geo_hop,User location changes >500 miles within 10 minutes,high,WHEN rapid_geo_hop THEN flag(severity='high'),0.072,2025-10-19,2026-02-05 16:42:00,157,rapid_geo_hop: User location changes >500 miles within 10 minutes. Severity: high. Common in P2P payments fraud.
SIG-0062,velocity_spike,Transaction frequency exceeds 5x normal rate in 1 hour,high,WHEN velocity_spike THEN flag(severity='high'),0.149,2025-10-08,2026-02-22 12:42:00,27,velocity_spike: Transaction frequency exceeds 5x normal rate in 1 hour. Severity: high. Common in P2P payments fraud.
SIG-0063,mfa_then_wire,MFA settings changed followed by wire transfer within 24h,critical,WHEN mfa_then_wire THEN flag(severity='critical'),0.091,2026-02-05,2026-02-22 03:42:00,276,mfa_then_wire: MFA settings changed followed by wire transfer within 24h. Severity: critical. Common in wire transfers fraud.
SIG-0064,new_device_large_tx,Large transaction from never-seen-before device,medium,WHEN new_device_large_tx THEN flag(severity='medium'),0.113,2025-10-12,2026-02-19 08:42:00,281,new_device_large_tx: Large transaction from never-seen-before device. Severity: medium. Common in wire transfers fraud.
SIG-0065,midnight_atm,ATM withdrawal between 1-4 AM in foreign country,high,WHEN midnight_atm THEN flag(severity='high'),0.109,2025-04-21,2026-02-14 02:42:00,286,midnight_atm: ATM withdrawal between 1-4 AM in foreign country. Severity: high. Common in wire transfers fraud.
SIG-0066,round_amount_wire,Wire transfer of exact round amount >$10k to new recipient,high,WHEN round_amount_wire THEN flag(severity='high'),0.076,2025-07-23,2026-02-12 08:42:00,150,round_amount_wire: Wire transfer of exact round amount >$10k to new recipient. Severity: high. Common in mobile banking fraud.
SIG-0067,bot_typing,Typing cadence <50ms average suggesting automated input,critical,WHEN bot_typing THEN flag(severity='critical'),0.062,2025-12-21,2026-02-05 18:42:00,360,bot_typing: Typing cadence <50ms average suggesting automated input. Severity: critical. Common in wire transfers fraud.
SIG-0068,multiple_failed_mfa,3+ failed MFA attempts followed by successful login,high,WHEN multiple_failed_mfa THEN flag(severity='high'),0.093,2025-10-15,2026-02-27 23:42:00,220,multiple_failed_mfa: 3+ failed MFA attempts followed by successful login. Severity: high. Common in mobile banking fraud.
SIG-0069,ip_tor_exit,Login from known Tor exit node IP range,critical,WHEN ip_tor_exit THEN flag(severity='critical'),0.037,2025-05-01,2026-02-06 18:42:00,125,ip_tor_exit: Login from known Tor exit node IP range. Severity: critical. Common in mobile banking fraud.
SIG-0070,account_drain,Multiple transactions draining >80% of account balance in 1h,critical,WHEN account_drain THEN flag(severity='critical'),0.079,2025-09-22,2026-02-20 04:42:00,472,account_drain: Multiple transactions draining >80% of account balance in 1h. Severity: critical. Common in mobile banking fraud.
SIG-0071,sim_swap_pattern,MFA method changed to SMS after phone number update,high,WHEN sim_swap_pattern THEN flag(severity='high'),0.02,2026-02-14,2026-02-06 14:42:00,26,sim_swap_pattern: MFA method changed to SMS after phone number update. Severity: high. Common in wire transfers fraud.
SIG-0072,cross_channel_rapid,Mobile login + web wire transfer within 5 minutes,high,WHEN cross_channel_rapid THEN flag(severity='high'),0.038,2025-06-22,2026-02-18 18:42:00,400,cross_channel_rapid: Mobile login + web wire transfer within 5 minutes. Severity: high. Common in mobile banking fraud.
SIG-0073,dormant_reactivation,Account dormant >90 days suddenly initiates wire transfer,medium,WHEN dormant_reactivation THEN flag(severity='medium'),0.054,2025-11-30,2026-02-13 06:42:00,306,dormant_reactivation: Account dormant >90 days suddenly initiates wire transfer. Severity: medium. Common in online banking fraud.
SIG-0074,credential_stuffing,Same IP attempts login on 10+ accounts within 1 hour,critical,WHEN credential_stuffing THEN flag(severity='critical'),0.046,2025-10-03,2026-02-17 23:42:00,222,credential_stuffing: Same IP attempts login on 10+ accounts within 1 hour. Severity: critical. Common in wire transfers fraud.
SIG-0075,card_testing,Multiple small transactions (<$1) in rapid succession,medium,WHEN card_testing THEN flag(severity='medium'),0.042,2025-09-01,2026-02-07 05:42:00,308,card_testing: Multiple small transactions (<$1) in rapid succession. Severity: medium. Common in online banking fraud.
SIG-0076,rapid_geo_hop,User location changes >500 miles within 10 minutes,high,WHEN rapid_geo_hop THEN flag(severity='high'),0.011,2025-10-29,2026-02-23 14:42:00,464,rapid_geo_hop: User location changes >500 miles within 10 minutes. Severity: high. Common in mobile banking fraud.
SIG-0077,velocity_spike,Transaction frequency exceeds 5x normal rate in 1 hour,high,WHEN velocity_spike THEN flag(severity='high'),0.074,2025-11-10,2026-02-19 02:42:00,312,velocity_spike: Transaction frequency exceeds 5x normal rate in 1 hour. Severity: high. Common in P2P payments fraud.
SIG-0078,mfa_then_wire,MFA settings changed followed by wire transfer within 24h,critical,WHEN mfa_then_wire THEN flag(severity='critical'),0.073,2026-01-28,2026-02-21 09:42:00,374,mfa_then_wire: MFA settings changed followed by wire transfer within 24h. Severity: critical. Common in online banking fraud.
SIG-0079,new_device_large_tx,Large transaction from never-seen-before device,medium,WHEN new_device_large_tx THEN flag(severity='medium'),0.065,2025-09-25,2026-02-11 20:42:00,291,new_device_large_tx: Large transaction from never-seen-before device. Severity: medium. Common in mobile banking fraud.
SIG-0080,midnight_atm,ATM withdrawal between 1-4 AM in foreign country,high,WHEN midnight_atm THEN flag(severity='high'),0.011,2025-11-03,2026-02-21 18:42:00,420,midnight_atm: ATM withdrawal between 1-4 AM in foreign country. Severity: high. Common in online banking fraud.
SIG-0081,round_amount_wire,Wire transfer of exact round amount >$10k to new recipient,high,WHEN round_amount_wire THEN flag(severity='high'),0.14,2025-03-05,2026-02-05 14:42:00,142,round_amount_wire: Wire transfer of exact round amount >$10k to new recipient. Severity: high. Common in mobile banking fraud.
SIG-0082,bot_typing,Typing cadence <50ms average suggesting automated input,critical,WHEN bot_typing THEN flag(severity='critical'),0.075,2025-07-18,2026-02-16 19:42:00,160,bot_typing: Typing cadence <50ms average suggesting automated input. Severity: critical. Common in P2P payments fraud.
SIG-0083,multiple_failed_mfa,3+ failed MFA attempts followed by successful login,high,WHEN multiple_failed_mfa THEN flag(severity='high'),0.121,2025-03-11,2026-03-01 22:42:00,104,multiple_failed_mfa: 3+ failed MFA attempts followed by successful login. Severity: high. Common in wire transfers fraud.
SIG-0084,ip_tor_exit,Login from known Tor exit node IP range,critical,WHEN ip_tor_exit THEN flag(severity='critical'),0.134,2026-01-24,2026-02-04 20:42:00,279,ip_tor_exit: Login from known Tor exit node IP range. Severity: critical. Common in P2P payments fraud.
SIG-0085,account_drain,Multiple transactions draining >80% of account balance in 1h,critical,WHEN account_drain THEN flag(severity='critical'),0.138,2025-10-02,2026-02-15 23:42:00,60,account_drain: Multiple transactions draining >80% of account balance in 1h. Severity: critical. Common in P2P payments fraud.
SIG-0086,sim_swap_pattern,MFA method changed to SMS after phone number update,high,WHEN sim_swap_pattern THEN flag(severity='high'),0.12,2025-11-28,2026-02-28 02:42:00,120,sim_swap_pattern: MFA method changed to SMS after phone number update. Severity: high. Common in wire transfers fraud.
SIG-0087,cross_channel_rapid,Mobile login + web wire transfer within 5 minutes,high,WHEN cross_channel_rapid THEN flag(severity='high'),0.044,2025-05-27,2026-02-14 00:42:00,446,cross_channel_rapid: Mobile login + web wire transfer within 5 minutes. Severity: high. Common in online banking fraud.
SIG-0088,dormant_reactivation,Account dormant >90 days suddenly initiates wire transfer,medium,WHEN dormant_reactivation THEN flag(severity='medium'),0.027,2025-09-21,2026-02-16 20:42:00,478,dormant_reactivation: Account dormant >90 days suddenly initiates wire transfer. Severity: medium. Common in P2P payments fraud.
SIG-0089,credential_stuffing,Same IP attempts login on 10+ accounts within 1 hour,critical,WHEN credential_stuffing THEN flag(severity='critical'),0.125,2025-05-02,2026-02-16 16:42:00,354,credential_stuffing: Same IP attempts login on 10+ accounts within 1 hour. Severity: critical. Common in wire transfers fraud.
SIG-0090,card_testing,Multiple small transactions (<$1) in rapid succession,medium,WHEN card_testing THEN flag(severity='medium'),0.142,2025-10-15,2026-02-12 14:42:00,236,card_testing: Multiple small transactions (<$1) in rapid succession. Severity: medium. Common in wire transfers fraud.
SIG-0091,rapid_geo_hop,User location changes >500 miles within 10 minutes,high,WHEN rapid_geo_hop THEN flag(severity='high'),0.068,2025-09-20,2026-02-03 18:42:00,346,rapid_geo_hop: User location changes >500 miles within 10 minutes. Severity: high. Common in P2P payments fraud.
SIG-0092,velocity_spike,Transaction frequency exceeds 5x normal rate in 1 hour,high,WHEN velocity_spike THEN flag(severity='high'),0.129,2025-08-02,2026-02-04 21:42:00,444,velocity_spike: Transaction frequency exceeds 5x normal rate in 1 hour. Severity: high. Common in P2P payments fraud.
SIG-0093,mfa_then_wire,MFA settings changed followed by wire transfer within 24h,critical,WHEN mfa_then_wire THEN flag(severity='critical'),0.043,2025-06-10,2026-02-08 08:42:00,459,mfa_then_wire: MFA settings changed followed by wire transfer within 24h. Severity: critical. Common in P2P payments fraud.
SIG-0094,new_device_large_tx,Large transaction from never-seen-before device,medium,WHEN new_device_large_tx THEN flag(severity='medium'),0.044,2026-01-24,2026-02-19 23:42:00,379,new_device_large_tx: Large transaction from never-seen-before device. Severity: medium. Common in mobile banking fraud.
SIG-0095,midnight_atm,ATM withdrawal between 1-4 AM in foreign country,high,WHEN midnight_atm THEN flag(severity='high'),0.031,2025-10-17,2026-03-03 21:42:00,457,midnight_atm: ATM withdrawal between 1-4 AM in foreign country. Severity: high. Common in mobile banking fraud.
SIG-0096,round_amount_wire,Wire transfer of exact round amount >$10k to new recipient,high,WHEN round_amount_wire THEN flag(severity='high'),0.147,2025-10-31,2026-02-17 07:42:00,98,round_amount_wire: Wire transfer of exact round amount >$10k to new recipient. Severity: high. Common in mobile banking fraud.
SIG-0097,bot_typing,Typing cadence <50ms average suggesting automated input,critical,WHEN bot_typing THEN flag(severity='critical'),0.069,2025-07-26,2026-02-27 12:42:00,102,bot_typing: Typing cadence <50ms average suggesting automated input. Severity: critical. Common in P2P payments fraud.
SIG-0098,multiple_failed_mfa,3+ failed MFA attempts followed by successful login,high,WHEN multiple_failed_mfa THEN flag(severity='high'),0.112,2025-10-24,2026-02-06 00:42:00,404,multiple_failed_mfa: 3+ failed MFA attempts followed by successful login. Severity: high. Common in P2P payments fraud.
SIG-0099,ip_tor_exit,Login from known Tor exit node IP range,critical,WHEN ip_tor_exit THEN flag(severity='critical'),0.087,2025-06-10,2026-03-02 08:42:00,63,ip_tor_exit: Login from known Tor exit node IP range. Severity: critical. Common in online banking fraud.
SIG-0100,account_drain,Multiple transactions draining >80% of account balance in 1h,critical,WHEN account_drain THEN flag(severity='critical'),0.125,2025-11-14,2026-02-23 22:42:00,231,account_drain: Multiple transactions draining >80% of account balance in 1h. Severity: critical. Common in mobile banking fraud.
SIG-0101,sim_swap_pattern,MFA method changed to SMS after phone number update,high,WHEN sim_swap_pattern THEN flag(severity='high'),0.138,2025-05-22,2026-02-21 02:42:00,334,sim_swap_pattern: MFA method changed to SMS after phone number update. Severity: high. Common in P2P payments fraud.
SIG-0102,cross_channel_rapid,Mobile login + web wire transfer within 5 minutes,high,WHEN cross_channel_rapid THEN flag(severity='high'),0.121,2026-01-30,2026-02-25 06:42:00,214,cross_channel_rapid: Mobile login + web wire transfer within 5 minutes. Severity: high. Common in online banking fraud.
SIG-0103,dormant_reactivation,Account dormant >90 days suddenly initiates wire transfer,medium,WHEN dormant_reactivation THEN flag(severity='medium'),0.084,2025-09-27,2026-02-21 10:42:00,61,dormant_reactivation: Account dormant >90 days suddenly initiates wire transfer. Severity: medium. Common in online banking fraud.
SIG-0104,credential_stuffing,Same IP attempts login on 10+ accounts within 1 hour,critical,WHEN credential_stuffing THEN flag(severity='critical'),0.149,2025-04-11,2026-02-15 04:42:00,171,credential_stuffing: Same IP attempts login on 10+ accounts within 1 hour. Severity: critical. Common in online banking fraud.
SIG-0105,card_testing,Multiple small transactions (<$1) in rapid succession,medium,WHEN card_testing THEN flag(severity='medium'),0.021,2026-01-24,2026-02-22 22:42:00,37,card_testing: Multiple small transactions (<$1) in rapid succession. Severity: medium. Common in wire transfers fraud.
SIG-0106,rapid_geo_hop,User location changes >500 miles within 10 minutes,high,WHEN rapid_geo_hop THEN flag(severity='high'),0.129,2025-06-21,2026-02-18 14:42:00,383,rapid_geo_hop: User location changes >500 miles within 10 minutes. Severity: high. Common in P2P payments fraud.
SIG-0107,velocity_spike,Transaction frequency exceeds 5x normal rate in 1 hour,high,WHEN velocity_spike THEN flag(severity='high'),0.15,2025-05-29,2026-02-26 16:42:00,472,velocity_spike: Transaction frequency exceeds 5x normal rate in 1 hour. Severity: high. Common in wire transfers fraud.
SIG-0108,mfa_then_wire,MFA settings changed followed by wire transfer within 24h,critical,WHEN mfa_then_wire THEN flag(severity='critical'),0.146,2025-12-20,2026-03-01 19:42:00,182,mfa_then_wire: MFA settings changed followed by wire transfer within 24h. Severity: critical. Common in P2P payments fraud.
SIG-0109,new_device_large_tx,Large transaction from never-seen-before device,medium,WHEN new_device_large_tx THEN flag(severity='medium'),0.103,2025-10-17,2026-02-23 00:42:00,270,new_device_large_tx: Large transaction from never-seen-before device. Severity: medium. Common in P2P payments fraud.
SIG-0110,midnight_atm,ATM withdrawal between 1-4 AM in foreign country,high,WHEN midnight_atm THEN flag(severity='high'),0.102,2025-08-15,2026-03-02 05:42:00,158,midnight_atm: ATM withdrawal between 1-4 AM in foreign country. Severity: high. Common in P2P payments fraud.
SIG-0111,round_amount_wire,Wire transfer of exact round amount >$10k to new recipient,high,WHEN round_amount_wire THEN flag(severity='high'),0.046,2025-07-02,2026-02-05 05:42:00,12,round_amount_wire: Wire transfer of exact round amount >$10k to new recipient. Severity: high. Common in online banking fraud.
SIG-0112,bot_typing,Typing cadence <50ms average suggesting automated input,critical,WHEN bot_typing THEN flag(severity='critical'),0.068,2025-12-18,2026-02-19 07:42:00,418,bot_typing: Typing cadence <50ms average suggesting automated input. Severity: critical. Common in online banking fraud.
SIG-0113,multiple_failed_mfa,3+ failed MFA attempts followed by successful login,high,WHEN multiple_failed_mfa THEN flag(severity='high'),0.024,2025-09-11,2026-02-24 04:42:00,463,multiple_failed_mfa: 3+ failed MFA attempts followed by successful login. Severity: high. Common in online banking fraud.
SIG-0114,ip_tor_exit,Login from known Tor exit node IP range,critical,WHEN ip_tor_exit THEN flag(severity='critical'),0.148,2025-05-05,2026-02-04 04:42:00,500,ip_tor_exit: Login from known Tor exit node IP range. Severity: critical. Common in wire transfers fraud.
SIG-0115,account_drain,Multiple transactions draining >80% of account balance in 1h,critical,WHEN account_drain THEN flag(severity='critical'),0.103,2025-06-13,2026-02-22 15:42:00,157,account_drain: Multiple transactions draining >80% of account balance in 1h. Severity: critical. Common in online banking fraud.
SIG-0116,sim_swap_pattern,MFA method changed to SMS after phone number update,high,WHEN sim_swap_pattern THEN flag(severity='high'),0.144,2026-02-05,2026-02-21 19:42:00,5,sim_swap_pattern: MFA method changed to SMS after phone number update. Severity: high. Common in wire transfers fraud.
SIG-0117,cross_channel_rapid,Mobile login + web wire transfer within 5 minutes,high,WHEN cross_channel_rapid THEN flag(severity='high'),0.073,2025-12-23,2026-03-02 05:42:00,221,cross_channel_rapid: Mobile login + web wire transfer within 5 minutes. Severity: high. Common in mobile banking fraud.
SIG-0118,dormant_reactivation,Account dormant >90 days suddenly initiates wire transfer,medium,WHEN dormant_reactivation THEN flag(severity='medium'),0.12,2025-09-13,2026-03-04 18:42:00,274,dormant_reactivation: Account dormant >90 days suddenly initiates wire transfer. Severity: medium. Common in online banking fraud.
SIG-0119,credential_stuffing,Same IP attempts login on 10+ accounts within 1 hour,critical,WHEN credential_stuffing THEN flag(severity='critical'),0.141,2026-02-07,2026-02-12 11:42:00,200,credential_stuffing: Same IP attempts login on 10+ accounts within 1 hour. Severity: critical. Common in mobile banking fraud.
SIG-0120,card_testing,Multiple small transactions (<$1) in rapid succession,medium,WHEN card_testing THEN flag(severity='medium'),0.135,2025-07-11,2026-02-17 17:42:00,149,card_testing: Multiple small transactions (<$1) in rapid succession. Severity: medium. Common in wire transfers fraud.
SIG-0121,rapid_geo_hop,User location changes >500 miles within 10 minutes,high,WHEN rapid_geo_hop THEN flag(severity='high'),0.051,2025-05-23,2026-02-15 01:42:00,348,rapid_geo_hop: User location changes >500 miles within 10 minutes. Severity: high. Common in online banking fraud.
SIG-0122,velocity_spike,Transaction frequency exceeds 5x normal rate in 1 hour,high,WHEN velocity_spike THEN flag(severity='high'),0.012,2025-06-18,2026-03-05 05:42:00,394,velocity_spike: Transaction frequency exceeds 5x normal rate in 1 hour. Severity: high. Common in P2P payments fraud.
SIG-0123,mfa_then_wire,MFA settings changed followed by wire transfer within 24h,critical,WHEN mfa_then_wire THEN flag(severity='critical'),0.059,2025-07-14,2026-02-12 05:42:00,311,mfa_then_wire: MFA settings changed followed by wire transfer within 24h. Severity: critical. Common in P2P payments fraud.
SIG-0124,new_device_large_tx,Large transaction from never-seen-before device,medium,WHEN new_device_large_tx THEN flag(severity='medium'),0.11,2025-07-07,2026-02-10 09:42:00,103,new_device_large_tx: Large transaction from never-seen-before device. Severity: medium. Common in wire transfers fraud.
SIG-0125,midnight_atm,ATM withdrawal between 1-4 AM in foreign country,high,WHEN midnight_atm THEN flag(severity='high'),0.017,2025-03-10,2026-02-09 08:42:00,273,midnight_atm: ATM withdrawal between 1-4 AM in foreign country. Severity: high. Common in P2P payments fraud.
SIG-0126,round_amount_wire,Wire transfer of exact round amount >$10k to new recipient,high,WHEN round_amount_wire THEN flag(severity='high'),0.044,2026-02-22,2026-02-17 07:42:00,383,round_amount_wire: Wire transfer of exact round amount >$10k to new recipient. Severity: high. Common in P2P payments fraud.
SIG-0127,bot_typing,Typing cadence <50ms average suggesting automated input,critical,WHEN bot_typing THEN flag(severity='critical'),0.084,2025-04-22,2026-02-10 01:42:00,269,bot_typing: Typing cadence <50ms average suggesting automated input. Severity: critical. Common in P2P payments fraud.
SIG-0128,multiple_failed_mfa,3+ failed MFA attempts followed by successful login,high,WHEN multiple_failed_mfa THEN flag(severity='high'),0.016,2025-11-17,2026-02-03 18:42:00,357,multiple_failed_mfa: 3+ failed MFA attempts followed by successful login. Severity: high. Common in online banking fraud.
SIG-0129,ip_tor_exit,Login from known Tor exit node IP range,critical,WHEN ip_tor_exit THEN flag(severity='critical'),0.099,2026-02-04,2026-02-22 10:42:00,142,ip_tor_exit: Login from known Tor exit node IP range. Severity: critical. Common in P2P payments fraud.
SIG-0130,account_drain,Multiple transactions draining >80% of account balance in 1h,critical,WHEN account_drain THEN flag(severity='critical'),0.075,2025-09-14,2026-02-22 23:42:00,221,account_drain: Multiple transactions draining >80% of account balance in 1h. Severity: critical. Common in P2P payments fraud.
SIG-0131,sim_swap_pattern,MFA method changed to SMS after phone number update,high,WHEN sim_swap_pattern THEN flag(severity='high'),0.019,2025-09-30,2026-02-10 04:42:00,59,sim_swap_pattern: MFA method changed to SMS after phone number update. Severity: high. Common in P2P payments fraud.
SIG-0132,cross_channel_rapid,Mobile login + web wire transfer within 5 minutes,high,WHEN cross_channel_rapid THEN flag(severity='high'),0.016,2025-06-02,2026-02-09 19:42:00,423,cross_channel_rapid: Mobile login + web wire transfer within 5 minutes. Severity: high. Common in online banking fraud.
SIG-0133,dormant_reactivation,Account dormant >90 days suddenly initiates wire transfer,medium,WHEN dormant_reactivation THEN flag(severity='medium'),0.093,2026-01-28,2026-02-06 03:42:00,381,dormant_reactivation: Account dormant >90 days suddenly initiates wire transfer. Severity: medium. Common in P2P payments fraud.
SIG-0134,credential_stuffing,Same IP attempts login on 10+ accounts within 1 hour,critical,WHEN credential_stuffing THEN flag(severity='critical'),0.078,2025-04-22,2026-02-16 22:42:00,28,credential_stuffing: Same IP attempts login on 10+ accounts within 1 hour. Severity: critical. Common in wire transfers fraud.
SIG-0135,card_testing,Multiple small transactions (<$1) in rapid succession,medium,WHEN card_testing THEN flag(severity='medium'),0.097,2025-09-11,2026-02-26 17:42:00,11,card_testing: Multiple small transactions (<$1) in rapid succession. Severity: medium. Common in P2P payments fraud.
SIG-0136,rapid_geo_hop,User location changes >500 miles within 10 minutes,high,WHEN rapid_geo_hop THEN flag(severity='high'),0.051,2025-08-19,2026-02-23 20:42:00,134,rapid_geo_hop: User location changes >500 miles within 10 minutes. Severity: high. Common in wire transfers fraud.
SIG-0137,velocity_spike,Transaction frequency exceeds 5x normal rate in 1 hour,high,WHEN velocity_spike THEN flag(severity='high'),0.028,2025-08-09,2026-02-08 00:42:00,415,velocity_spike: Transaction frequency exceeds 5x normal rate in 1 hour. Severity: high. Common in mobile banking fraud.
SIG-0138,mfa_then_wire,MFA settings changed followed by wire transfer within 24h,critical,WHEN mfa_then_wire THEN flag(severity='critical'),0.03,2025-12-02,2026-02-24 08:42:00,123,mfa_then_wire: MFA settings changed followed by wire transfer within 24h. Severity: critical. Common in online banking fraud.
SIG-0139,new_device_large_tx,Large transaction from never-seen-before device,medium,WHEN new_device_large_tx THEN flag(severity='medium'),0.023,2025-06-04,2026-02-08 09:42:00,318,new_device_large_tx: Large transaction from never-seen-before device. Severity: medium. Common in mobile banking fraud.
SIG-0140,midnight_atm,ATM withdrawal between 1-4 AM in foreign country,high,WHEN midnight_atm THEN flag(severity='high'),0.068,2025-04-22,2026-02-23 05:42:00,52,midnight_atm: ATM withdrawal between 1-4 AM in foreign country. Severity: high. Common in online banking fraud.
SIG-0141,round_amount_wire,Wire transfer of exact round amount >$10k to new recipient,high,WHEN round_amount_wire THEN flag(severity='high'),0.128,2025-09-29,2026-02-22 23:42:00,414,round_amount_wire: Wire transfer of exact round amount >$10k to new recipient. Severity: high. Common in wire transfers fraud.
SIG-0142,bot_typing,Typing cadence <50ms average suggesting automated input,critical,WHEN bot_typing THEN flag(severity='critical'),0.062,2025-12-24,2026-02-03 14:42:00,68,bot_typing: Typing cadence <50ms average suggesting automated input. Severity: critical. Common in P2P payments fraud.
SIG-0143,multiple_failed_mfa,3+ failed MFA attempts followed by successful login,high,WHEN multiple_failed_mfa THEN flag(severity='high'),0.035,2025-04-29,2026-02-07 13:42:00,405,multiple_failed_mfa: 3+ failed MFA attempts followed by successful login. Severity: high. Common in mobile banking fraud.
SIG-0144,ip_tor_exit,Login from known Tor exit node IP range,critical,WHEN ip_tor_exit THEN flag(severity='critical'),0.02,2025-04-10,2026-02-19 12:42:00,332,ip_tor_exit: Login from known Tor exit node IP range. Severity: critical. Common in mobile banking fraud.
SIG-0145,account_drain,Multiple transactions draining >80% of account balance in 1h,critical,WHEN account_drain THEN flag(severity='critical'),0.105,2026-02-14,2026-02-08 00:42:00,286,account_drain: Multiple transactions draining >80% of account balance in 1h. Severity: critical. Common in mobile banking fraud.
SIG-0146,sim_swap_pattern,MFA method changed to SMS after phone number update,high,WHEN sim_swap_pattern THEN flag(severity='high'),0.033,2025-08-08,2026-02-04 16:42:00,64,sim_swap_pattern: MFA method changed to SMS after phone number update. Severity: high. Common in mobile banking fraud.
SIG-0147,cross_channel_rapid,Mobile login + web wire transfer within 5 minutes,high,WHEN cross_channel_rapid THEN flag(severity='high'),0.093,2025-11-25,2026-02-28 16:42:00,15,cross_channel_rapid: Mobile login + web wire transfer within 5 minutes. Severity: high. Common in P2P payments fraud.
SIG-0148,dormant_reactivation,Account dormant >90 days suddenly initiates wire transfer,medium,WHEN dormant_reactivation THEN flag(severity='medium'),0.074,2025-08-31,2026-02-14 07:42:00,262,dormant_reactivation: Account dormant >90 days suddenly initiates wire transfer. Severity: medium. Common in wire transfers fraud.
SIG-0149,credential_stuffing,Same IP attempts login on 10+ accounts within 1 hour,critical,WHEN credential_stuffing THEN flag(severity='critical'),0.059,2025-06-18,2026-02-23 09:42:00,355,credential_stuffing: Same IP attempts login on 10+ accounts within 1 hour. Severity: critical. Common in wire transfers fraud.
SIG-0150,card_testing,Multiple small transactions (<$1) in rapid succession,medium,WHEN card_testing THEN flag(severity='medium'),0.139,2025-04-15,2026-02-25 06:42:00,289,card_testing: Multiple small transactions (<$1) in rapid succession. Severity: medium. Common in P2P payments fraud.
SIG-0151,rapid_geo_hop,User location changes >500 miles within 10 minutes,high,WHEN rapid_geo_hop THEN flag(severity='high'),0.081,2025-12-06,2026-03-02 00:42:00,289,rapid_geo_hop: User location changes >500 miles within 10 minutes. Severity: high. Common in mobile banking fraud.
SIG-0152,velocity_spike,Transaction frequency exceeds 5x normal rate in 1 hour,high,WHEN velocity_spike THEN flag(severity='high'),0.063,2026-01-24,2026-02-07 07:42:00,83,velocity_spike: Transaction frequency exceeds 5x normal rate in 1 hour. Severity: high. Common in online banking fraud.
SIG-0153,mfa_then_wire,MFA settings changed followed by wire transfer within 24h,critical,WHEN mfa_then_wire THEN flag(severity='critical'),0.032,2025-05-27,2026-03-03 14:42:00,133,mfa_then_wire: MFA settings changed followed by wire transfer within 24h. Severity: critical. Common in P2P payments fraud.
SIG-0154,new_device_large_tx,Large transaction from never-seen-before device,medium,WHEN new_device_large_tx THEN flag(severity='medium'),0.105,2025-06-12,2026-03-01 11:42:00,301,new_device_large_tx: Large transaction from never-seen-before device. Severity: medium. Common in mobile banking fraud.
SIG-0155,midnight_atm,ATM withdrawal between 1-4 AM in foreign country,high,WHEN midnight_atm THEN flag(severity='high'),0.102,2025-07-21,2026-02-06 01:42:00,31,midnight_atm: ATM withdrawal between 1-4 AM in foreign country. Severity: high. Common in online banking fraud.
SIG-0156,round_amount_wire,Wire transfer of exact round amount >$10k to new recipient,high,WHEN round_amount_wire THEN flag(severity='high'),0.103,2026-01-25,2026-02-18 17:42:00,168,round_amount_wire: Wire transfer of exact round amount >$10k to new recipient. Severity: high. Common in P2P payments fraud.
SIG-0157,bot_typing,Typing cadence <50ms average suggesting automated input,critical,WHEN bot_typing THEN flag(severity='critical'),0.049,2025-06-25,2026-02-11 13:42:00,41,bot_typing: Typing cadence <50ms average suggesting automated input. Severity: critical. Common in P2P payments fraud.
SIG-0158,multiple_failed_mfa,3+ failed MFA attempts followed by successful login,high,WHEN multiple_failed_mfa THEN flag(severity='high'),0.119,2025-08-19,2026-02-25 19:42:00,358,multiple_failed_mfa: 3+ failed MFA attempts followed by successful login. Severity: high. Common in P2P payments fraud.
SIG-0159,ip_tor_exit,Login from known Tor exit node IP range,critical,WHEN ip_tor_exit THEN flag(severity='critical'),0.146,2025-09-27,2026-02-15 10:42:00,219,ip_tor_exit: Login from known Tor exit node IP range. Severity: critical. Common in online banking fraud.
SIG-0160,account_drain,Multiple transactions draining >80% of account balance in 1h,critical,WHEN account_drain THEN flag(severity='critical'),0.095,2025-11-12,2026-02-20 12:42:00,467,account_drain: Multiple transactions draining >80% of account balance in 1h. Severity: critical. Common in online banking fraud.
SIG-0161,sim_swap_pattern,MFA method changed to SMS after phone number update,high,WHEN sim_swap_pattern THEN flag(severity='high'),0.066,2025-05-21,2026-02-21 08:42:00,107,sim_swap_pattern: MFA method changed to SMS after phone number update. Severity: high. Common in P2P payments fraud.
SIG-0162,cross_channel_rapid,Mobile login + web wire transfer within 5 minutes,high,WHEN cross_channel_rapid THEN flag(severity='high'),0.062,2026-01-20,2026-02-17 03:42:00,361,cross_channel_rapid: Mobile login + web wire transfer within 5 minutes. Severity: high. Common in wire transfers fraud.
SIG-0163,dormant_reactivation,Account dormant >90 days suddenly initiates wire transfer,medium,WHEN dormant_reactivation THEN flag(severity='medium'),0.093,2025-04-16,2026-02-16 19:42:00,116,dormant_reactivation: Account dormant >90 days suddenly initiates wire transfer. Severity: medium. Common in online banking fraud.
SIG-0164,credential_stuffing,Same IP attempts login on 10+ accounts within 1 hour,critical,WHEN credential_stuffing THEN flag(severity='critical'),0.054,2025-04-05,2026-02-05 22:42:00,134,credential_stuffing: Same IP attempts login on 10+ accounts within 1 hour. Severity: critical. Common in wire transfers fraud.
SIG-0165,card_testing,Multiple small transactions (<$1) in rapid succession,medium,WHEN card_testing THEN flag(severity='medium'),0.131,2025-10-05,2026-03-02 16:42:00,302,card_testing: Multiple small transactions (<$1) in rapid succession. Severity: medium. Common in mobile banking fraud.
SIG-0166,rapid_geo_hop,User location changes >500 miles within 10 minutes,high,WHEN rapid_geo_hop THEN flag(severity='high'),0.061,2025-05-07,2026-03-03 11:42:00,116,rapid_geo_hop: User location changes >500 miles within 10 minutes. Severity: high. Common in online banking fraud.
SIG-0167,velocity_spike,Transaction frequency exceeds 5x normal rate in 1 hour,high,WHEN velocity_spike THEN flag(severity='high'),0.012,2025-05-30,2026-02-16 13:42:00,187,velocity_spike: Transaction frequency exceeds 5x normal rate in 1 hour. Severity: high. Common in mobile banking fraud.
SIG-0168,mfa_then_wire,MFA settings changed followed by wire transfer within 24h,critical,WHEN mfa_then_wire THEN flag(severity='critical'),0.095,2025-09-11,2026-03-02 04:42:00,244,mfa_then_wire: MFA settings changed followed by wire transfer within 24h. Severity: critical. Common in wire transfers fraud.
SIG-0169,new_device_large_tx,Large transaction from never-seen-before device,medium,WHEN new_device_large_tx THEN flag(severity='medium'),0.025,2025-11-01,2026-02-23 15:42:00,340,new_device_large_tx: Large transaction from never-seen-before device. Severity: medium. Common in online banking fraud.
SIG-0170,midnight_atm,ATM withdrawal between 1-4 AM in foreign country,high,WHEN midnight_atm THEN flag(severity='high'),0.129,2025-09-07,2026-02-07 02:42:00,236,midnight_atm: ATM withdrawal between 1-4 AM in foreign country. Severity: high. Common in mobile banking fraud.
SIG-0171,round_amount_wire,Wire transfer of exact round amount >$10k to new recipient,high,WHEN round_amount_wire THEN flag(severity='high'),0.134,2025-11-05,2026-02-22 21:42:00,456,round_amount_wire: Wire transfer of exact round amount >$10k to new recipient. Severity: high. Common in wire transfers fraud.
SIG-0172,bot_typing,Typing cadence <50ms average suggesting automated input,critical,WHEN bot_typing THEN flag(severity='critical'),0.143,2025-05-09,2026-02-23 05:42:00,106,bot_typing: Typing cadence <50ms average suggesting automated input. Severity: critical. Common in wire transfers fraud.
SIG-0173,multiple_failed_mfa,3+ failed MFA attempts followed by successful login,high,WHEN multiple_failed_mfa THEN flag(severity='high'),0.088,2025-09-04,2026-03-01 18:42:00,387,multiple_failed_mfa: 3+ failed MFA attempts followed by successful login. Severity: high. Common in mobile banking fraud.
SIG-0174,ip_tor_exit,Login from known Tor exit node IP range,critical,WHEN ip_tor_exit THEN flag(severity='critical'),0.091,2025-03-07,2026-02-04 23:42:00,444,ip_tor_exit: Login from known Tor exit node IP range. Severity: critical. Common in online banking fraud.
SIG-0175,account_drain,Multiple transactions draining >80% of account balance in 1h,critical,WHEN account_drain THEN flag(severity='critical'),0.142,2025-09-22,2026-02-26 04:42:00,21,account_drain: Multiple transactions draining >80% of account balance in 1h. Severity: critical. Common in online banking fraud.
SIG-0176,sim_swap_pattern,MFA method changed to SMS after phone number update,high,WHEN sim_swap_pattern THEN flag(severity='high'),0.061,2025-09-23,2026-03-01 20:42:00,469,sim_swap_pattern: MFA method changed to SMS after phone number update. Severity: high. Common in mobile banking fraud.
SIG-0177,cross_channel_rapid,Mobile login + web wire transfer within 5 minutes,high,WHEN cross_channel_rapid THEN flag(severity='high'),0.072,2025-05-15,2026-02-12 12:42:00,305,cross_channel_rapid: Mobile login + web wire transfer within 5 minutes. Severity: high. Common in mobile banking fraud.
SIG-0178,dormant_reactivation,Account dormant >90 days suddenly initiates wire transfer,medium,WHEN dormant_reactivation THEN flag(severity='medium'),0.149,2025-08-31,2026-02-11 00:42:00,77,dormant_reactivation: Account dormant >90 days suddenly initiates wire transfer. Severity: medium. Common in wire transfers fraud.
SIG-0179,credential_stuffing,Same IP attempts login on 10+ accounts within 1 hour,critical,WHEN credential_stuffing THEN flag(severity='critical'),0.052,2025-06-24,2026-02-15 17:42:00,308,credential_stuffing: Same IP attempts login on 10+ accounts within 1 hour. Severity: critical. Common in P2P payments fraud.
SIG-0180,card_testing,Multiple small transactions (<$1) in rapid succession,medium,WHEN card_testing THEN flag(severity='medium'),0.133,2025-05-02,2026-02-14 03:42:00,254,card_testing: Multiple small transactions (<$1) in rapid succession. Severity: medium. Common in P2P payments fraud.
SIG-0181,rapid_geo_hop,User location changes >500 miles within 10 minutes,high,WHEN rapid_geo_hop THEN flag(severity='high'),0.019,2026-01-27,2026-02-07 10:42:00,216,rapid_geo_hop: User location changes >500 miles within 10 minutes. Severity: high. Common in wire transfers fraud.
SIG-0182,velocity_spike,Transaction frequency exceeds 5x normal rate in 1 hour,high,WHEN velocity_spike THEN flag(severity='high'),0.079,2025-04-14,2026-02-04 09:42:00,492,velocity_spike: Transaction frequency exceeds 5x normal rate in 1 hour. Severity: high. Common in mobile banking fraud.
SIG-0183,mfa_then_wire,MFA settings changed followed by wire transfer within 24h,critical,WHEN mfa_then_wire THEN flag(severity='critical'),0.068,2025-03-06,2026-02-26 06:42:00,292,mfa_then_wire: MFA settings changed followed by wire transfer within 24h. Severity: critical. Common in mobile banking fraud.
SIG-0184,new_device_large_tx,Large transaction from never-seen-before device,medium,WHEN new_device_large_tx THEN flag(severity='medium'),0.135,2026-02-17,2026-02-14 08:42:00,183,new_device_large_tx: Large transaction from never-seen-before device. Severity: medium. Common in wire transfers fraud.
SIG-0185,midnight_atm,ATM withdrawal between 1-4 AM in foreign country,high,WHEN midnight_atm THEN flag(severity='high'),0.063,2025-05-20,2026-02-26 22:42:00,387,midnight_atm: ATM withdrawal between 1-4 AM in foreign country. Severity: high. Common in wire transfers fraud.
SIG-0186,round_amount_wire,Wire transfer of exact round amount >$10k to new recipient,high,WHEN round_amount_wire THEN flag(severity='high'),0.082,2025-11-11,2026-02-11 08:42:00,108,round_amount_wire: Wire transfer of exact round amount >$10k to new recipient. Severity: high. Common in P2P payments fraud.
SIG-0187,bot_typing,Typing cadence <50ms average suggesting automated input,critical,WHEN bot_typing THEN flag(severity='critical'),0.049,2025-10-09,2026-02-25 16:42:00,142,bot_typing: Typing cadence <50ms average suggesting automated input. Severity: critical. Common in mobile banking fraud.
SIG-0188,multiple_failed_mfa,3+ failed MFA attempts followed by successful login,high,WHEN multiple_failed_mfa THEN flag(severity='high'),0.07,2025-09-23,2026-02-15 23:42:00,291,multiple_failed_mfa: 3+ failed MFA attempts followed by successful login. Severity: high. Common in P2P payments fraud.
SIG-0189,ip_tor_exit,Login from known Tor exit node IP range,critical,WHEN ip_tor_exit THEN flag(severity='critical'),0.043,2026-01-07,2026-03-03 11:42:00,287,ip_tor_exit: Login from known Tor exit node IP range. Severity: critical. Common in mobile banking fraud.
SIG-0190,account_drain,Multiple transactions draining >80% of account balance in 1h,critical,WHEN account_drain THEN flag(severity='critical'),0.112,2025-09-28,2026-02-03 11:42:00,342,account_drain: Multiple transactions draining >80% of account balance in 1h. Severity: critical. Common in mobile banking fraud.
SIG-0191,sim_swap_pattern,MFA method changed to SMS after phone number update,high,WHEN sim_swap_pattern THEN flag(severity='high'),0.129,2025-07-20,2026-03-03 13:42:00,299,sim_swap_pattern: MFA method changed to SMS after phone number update. Severity: high. Common in P2P payments fraud.
SIG-0192,cross_channel_rapid,Mobile login + web wire transfer within 5 minutes,high,WHEN cross_channel_rapid THEN flag(severity='high'),0.126,2026-02-04,2026-02-11 21:42:00,87,cross_channel_rapid: Mobile login + web wire transfer within 5 minutes. Severity: high. Common in mobile banking fraud.
SIG-0193,dormant_reactivation,Account dormant >90 days suddenly initiates wire transfer,medium,WHEN dormant_reactivation THEN flag(severity='medium'),0.081,2025-04-25,2026-02-25 08:42:00,374,dormant_reactivation: Account dormant >90 days suddenly initiates wire transfer. Severity: medium. Common in P2P payments fraud.
SIG-0194,credential_stuffing,Same IP attempts login on 10+ accounts within 1 hour,critical,WHEN credential_stuffing THEN flag(severity='critical'),0.112,2025-07-29,2026-02-13 15:42:00,109,credential_stuffing: Same IP attempts login on 10+ accounts within 1 hour. Severity: critical. Common in P2P payments fraud.
SIG-0195,card_testing,Multiple small transactions (<$1) in rapid succession,medium,WHEN card_testing THEN flag(severity='medium'),0.058,2025-03-25,2026-03-01 19:42:00,360,card_testing: Multiple small transactions (<$1) in rapid succession. Severity: medium. Common in wire transfers fraud.
SIG-0196,rapid_geo_hop,User location changes >500 miles within 10 minutes,high,WHEN rapid_geo_hop THEN flag(severity='high'),0.115,2026-02-21,2026-02-21 20:42:00,274,rapid_geo_hop: User location changes >500 miles within 10 minutes. Severity: high. Common in mobile banking fraud.
SIG-0197,velocity_spike,Transaction frequency exceeds 5x normal rate in 1 hour,high,WHEN velocity_spike THEN flag(severity='high'),0.123,2025-03-15,2026-02-05 16:42:00,139,velocity_spike: Transaction frequency exceeds 5x normal rate in 1 hour. Severity: high. Common in online banking fraud.
SIG-0198,mfa_then_wire,MFA settings changed followed by wire transfer within 24h,critical,WHEN mfa_then_wire THEN flag(severity='critical'),0.146,2025-10-07,2026-02-04 09:42:00,326,mfa_then_wire: MFA settings changed followed by wire transfer within 24h. Severity: critical. Common in online banking fraud.
SIG-0199,new_device_large_tx,Large transaction from never-seen-before device,medium,WHEN new_device_large_tx THEN flag(severity='medium'),0.096,2026-03-03,2026-02-10 16:42:00,112,new_device_large_tx: Large transaction from never-seen-before device. Severity: medium. Common in online banking fraud.
SIG-0200,midnight_atm,ATM withdrawal between 1-4 AM in foreign country,high,WHEN midnight_atm THEN flag(severity='high'),0.02,2025-06-18,2026-02-13 00:42:00,274,midnight_atm: ATM withdrawal between 1-4 AM in foreign country. Severity: high. Common in online banking fraud.
